TestNo,TestName
1,org.joda.time.format.TestPeriodFormatParsing
2,org.joda.time.format.TestISOPeriodFormat
3,org.joda.time.convert.TestReadablePeriodConverter
4,org.joda.time.format.TestPeriodFormatter
5,org.joda.time.format.TestISOPeriodFormatParsing
6,org.joda.time.TestBaseSingleFieldPeriod
7,org.joda.time.TestMutablePeriod_Basics
8,org.joda.time.TestYears
9,org.joda.time.TestMutableDateTime_Adds
10,org.joda.time.TestMutableInterval_Basics
11,org.joda.time.TestMinutes
12,org.joda.time.TestSeconds
13,org.joda.time.TestWeeks
14,org.joda.time.TestHours
15,org.joda.time.TestMonths
16,org.joda.time.TestMutableInterval_Updates
17,org.joda.time.format.TestPeriodFormatterBuilder
18,org.joda.time.TestYearMonth_Basics
19,org.joda.time.tz.TestBuilder
20,org.joda.time.TestDays
21,org.joda.time.TestLocalTime_Basics
22,org.joda.time.TestTimeOfDay_Basics
23,org.joda.time.convert.TestStringConverter
24,org.joda.time.TestStringConvert
25,org.joda.time.tz.TestCompiler
26,org.joda.time.TestMutablePeriod_Constructors
27,org.joda.time.TestYearMonthDay_Basics
28,org.joda.time.TestMonthDay_Basics
29,org.joda.time.TestPartial_Basics
30,org.joda.time.format.TestPeriodFormat
31,org.joda.time.TestInterval_Constructors
32,org.joda.time.TestLocalDateTime_Basics
33,org.joda.time.TestMutableInterval_Constructors
34,org.joda.time.convert.TestConverterManager
35,org.joda.time.TestDuration_Basics
36,org.joda.time.TestSerialization
37,org.joda.time.TestDateTime_Basics
38,org.joda.time.TestMutablePeriod_Updates
39,org.joda.time.TestLocalDate_Basics
40,org.joda.time.chrono.TestGJChronology
41,org.joda.time.TestDateMidnight_Basics
42,org.joda.time.TestPeriod_Constructors
43,org.joda.time.TestInterval_Basics
44,org.joda.time.TestDateTimeZoneCutover
45,org.joda.time.chrono.TestBuddhistChronology
